chrX:60218064-60332897	mn_9'	0	171	98.84	None	-1.00	None	-1.00	None	-1.00	+
chrX:60218064-60332897	mn_10'	172	338	100.00	None	-1.00	None	-1.00	None	-1.00	+
chrX:60218064-60332897	mn_0'	339	509	99.42	None	-1.00	None	-1.00	None	-1.00	+
chrX:60218064-60332897	mn_2'	510	680	100.00	None	-1.00	None	-1.00	None	-1.00	+
chrX:60218064-60332897	mn_3'	681	849	99.41	None	-1.00	None	-1.00	None	-1.00	+
chrX:60218064-60332897	mn_4'	850	1035	99.46	None	-1.00	None	-1.00	None	-1.00	+
chrX:60218064-60332897	mn_5'	1036	1206	97.66	None	-1.00	None	-1.00	None	-1.00	+
chrX:60218064-60332897	mn_6'	1207	1377	100.00	None	-1.00	None	-1.00	None	-1.00	+
chrX:60218064-60332897	mn_8'	1378	1544	100.00	None	-1.00	None	-1.00	None	-1.00	+
chrX:60218064-60332897	mn_7'	1545	1715	99.42	None	-1.00	None	-1.00	None	-1.00	+
chrX:60218064-60332897	mn_1'	1716	1886	95.32	None	-1.00	None	-1.00	None	-1.00	+
chrX:60218064-60332897	mn_11'	1887	2057	98.83	None	-1.00	None	-1.00	None	-1.00	+
chrX:60218064-60332897	mn_9'	2058	2228	100.00	None	-1.00	None	-1.00	None	-1.00	+
chrX:60218064-60332897	mn_10'	2229	2395	98.20	None	-1.00	None	-1.00	None	-1.00	+
chrX:60218064-60332897	mn_0'	2396	2566	100.00	None	-1.00	None	-1.00	None	-1.00	+
chrX:60218064-60332897	mn_2'	2567	2737	99.42	None	-1.00	None	-1.00	None	-1.00	+
chrX:60218064-60332897	mn_3'	2738	2906	100.00	None	-1.00	None	-1.00	None	-1.00	+
chrX:60218064-60332897	mn_4'	2907	3092	100.00	None	-1.00	None	-1.00	None	-1.00	+
chrX:60218064-60332897	mn_5'	3093	3263	98.25	None	-1.00	None	-1.00	None	-1.00	+
chrX:60218064-60332897	mn_6'	3264	3434	100.00	None	-1.00	None	-1.00	None	-1.00	+
chrX:60218064-60332897	mn_8'	3435	3601	100.00	None	-1.00	None	-1.00	None	-1.00	+
chrX:60218064-60332897	mn_7'	3602	3772	100.00	None	-1.00	None	-1.00	None	-1.00	+
chrX:60218064-60332897	mn_1'	3773	3943	97.66	None	-1.00	None	-1.00	None	-1.00	+
chrX:60218064-60332897	mn_11'	3944	4114	100.00	None	-1.00	None	-1.00	None	-1.00	+
chrX:60218064-60332897	mn_9'	4115	4285	99.42	None	-1.00	None	-1.00	None	-1.00	+
chrX:60218064-60332897	mn_10'	4286	4452	98.20	None	-1.00	None	-1.00	None	-1.00	+
chrX:60218064-60332897	mn_0'	4453	4623	99.42	None	-1.00	None	-1.00	None	-1.00	+
chrX:60218064-60332897	mn_2'	4624	4794	99.42	None	-1.00	None	-1.00	None	-1.00	+
chrX:60218064-60332897	mn_3'	4795	4963	99.41	None	-1.00	None	-1.00	None	-1.00	+
chrX:60218064-60332897	mn_4'	4964	5148	97.85	None	-1.00	None	-1.00	None	-1.00	+
chrX:60218064-60332897	mn_5'	5149	5319	98.25	None	-1.00	None	-1.00	None	-1.00	+
chrX:60218064-60332897	mn_6'	5320	5490	98.25	None	-1.00	None	-1.00	None	-1.00	+
chrX:60218064-60332897	mn_8'	5491	5657	100.00	None	-1.00	None	-1.00	None	-1.00	+
chrX:60218064-60332897	mn_7'	5658	5828	99.42	None	-1.00	None	-1.00	None	-1.00	+
chrX:60218064-60332897	mn_1'	5829	5999	96.49	None	-1.00	None	-1.00	None	-1.00	+
chrX:60218064-60332897	mn_11'	6000	6170	98.25	None	-1.00	None	-1.00	None	-1.00	+
chrX:60218064-60332897	mn_9'	6171	6341	99.42	None	-1.00	None	-1.00	None	-1.00	+
chrX:60218064-60332897	mn_10'	6342	6508	100.00	None	-1.00	None	-1.00	None	-1.00	+
chrX:60218064-60332897	mn_0'	6509	6679	99.42	None	-1.00	None	-1.00	None	-1.00	+
chrX:60218064-60332897	mn_2'	6680	6850	100.00	None	-1.00	None	-1.00	None	-1.00	+
chrX:60218064-60332897	mn_3'	6851	7019	98.82	None	-1.00	None	-1.00	None	-1.00	+
chrX:60218064-60332897	mn_4'	7020	7205	100.00	None	-1.00	None	-1.00	None	-1.00	+
chrX:60218064-60332897	mn_5'	7206	7376	98.25	None	-1.00	None	-1.00	None	-1.00	+
chrX:60218064-60332897	mn_6'	7377	7547	97.66	None	-1.00	None	-1.00	None	-1.00	+
chrX:60218064-60332897	mn_8'	7548	7714	99.40	None	-1.00	None	-1.00	None	-1.00	+
chrX:60218064-60332897	mn_7'	7715	7885	100.00	None	-1.00	None	-1.00	None	-1.00	+
chrX:60218064-60332897	mn_1'	7886	8056	98.83	None	-1.00	None	-1.00	None	-1.00	+
chrX:60218064-60332897	mn_11'	8057	8227	99.42	None	-1.00	None	-1.00	None	-1.00	+
chrX:60218064-60332897	mn_9'	8228	8398	100.00	None	-1.00	None	-1.00	None	-1.00	+
chrX:60218064-60332897	mn_10'	8399	8565	99.40	None	-1.00	None	-1.00	None	-1.00	+
chrX:60218064-60332897	mn_0'	8566	8736	99.42	None	-1.00	None	-1.00	None	-1.00	+
chrX:60218064-60332897	mn_2'	8737	8907	100.00	None	-1.00	None	-1.00	None	-1.00	+
chrX:60218064-60332897	mn_3'	8908	9076	99.41	None	-1.00	None	-1.00	None	-1.00	+
chrX:60218064-60332897	mn_4'	9077	9262	99.46	None	-1.00	None	-1.00	None	-1.00	+
chrX:60218064-60332897	mn_5'	9263	9433	98.25	None	-1.00	None	-1.00	None	-1.00	+
chrX:60218064-60332897	mn_6'	9434	9604	100.00	None	-1.00	None	-1.00	None	-1.00	+
chrX:60218064-60332897	mn_8'	9605	9771	97.60	None	-1.00	None	-1.00	None	-1.00	+
chrX:60218064-60332897	mn_7'	9772	9942	98.25	None	-1.00	None	-1.00	None	-1.00	+
chrX:60218064-60332897	mn_1'	9943	10113	100.00	None	-1.00	None	-1.00	None	-1.00	+
chrX:60218064-60332897	mn_11'	10114	10284	99.42	None	-1.00	None	-1.00	None	-1.00	+
chrX:60218064-60332897	mn_9'	10285	10455	99.42	None	-1.00	None	-1.00	None	-1.00	+
chrX:60218064-60332897	mn_10'	10456	10622	99.40	None	-1.00	None	-1.00	None	-1.00	+
chrX:60218064-60332897	mn_0'	10623	10793	99.42	None	-1.00	None	-1.00	None	-1.00	+
chrX:60218064-60332897	mn_2'	10794	10964	98.83	None	-1.00	None	-1.00	None	-1.00	+
chrX:60218064-60332897	mn_3'	10965	11133	100.00	None	-1.00	None	-1.00	None	-1.00	+
chrX:60218064-60332897	mn_4'	11134	11319	100.00	None	-1.00	None	-1.00	None	-1.00	+
chrX:60218064-60332897	mn_5'	11320	11490	98.25	None	-1.00	None	-1.00	None	-1.00	+
chrX:60218064-60332897	mn_6'	11491	11661	100.00	None	-1.00	None	-1.00	None	-1.00	+
chrX:60218064-60332897	mn_8'	11662	11828	100.00	None	-1.00	None	-1.00	None	-1.00	+
chrX:60218064-60332897	mn_7'	11829	11999	100.00	None	-1.00	None	-1.00	None	-1.00	+
chrX:60218064-60332897	mn_1'	12000	12170	96.49	None	-1.00	None	-1.00	None	-1.00	+
chrX:60218064-60332897	mn_11'	12171	12341	99.42	None	-1.00	None	-1.00	None	-1.00	+
chrX:60218064-60332897	mn_9'	12342	12512	100.00	None	-1.00	None	-1.00	None	-1.00	+
chrX:60218064-60332897	mn_10'	12513	12679	99.40	None	-1.00	None	-1.00	None	-1.00	+
chrX:60218064-60332897	mn_0'	12680	12850	100.00	None	-1.00	None	-1.00	None	-1.00	+
chrX:60218064-60332897	mn_2'	12851	13021	100.00	None	-1.00	None	-1.00	None	-1.00	+
chrX:60218064-60332897	mn_3'	13022	13190	99.41	None	-1.00	None	-1.00	None	-1.00	+
chrX:60218064-60332897	mn_4'	13191	13376	100.00	None	-1.00	None	-1.00	None	-1.00	+
chrX:60218064-60332897	mn_5'	13377	13547	98.25	None	-1.00	None	-1.00	None	-1.00	+
chrX:60218064-60332897	mn_6'	13548	13718	100.00	None	-1.00	None	-1.00	None	-1.00	+
chrX:60218064-60332897	mn_8'	13719	13885	100.00	None	-1.00	None	-1.00	None	-1.00	+
chrX:60218064-60332897	mn_7'	13886	14056	100.00	None	-1.00	None	-1.00	None	-1.00	+
chrX:60218064-60332897	mn_1'	14057	14227	97.08	None	-1.00	None	-1.00	None	-1.00	+
chrX:60218064-60332897	mn_11'	14228	14398	100.00	None	-1.00	None	-1.00	None	-1.00	+
chrX:60218064-60332897	mn_9'	14399	14569	100.00	None	-1.00	None	-1.00	None	-1.00	+
chrX:60218064-60332897	mn_10'	14570	14736	100.00	None	-1.00	None	-1.00	None	-1.00	+
chrX:60218064-60332897	mn_0'	14737	14907	99.42	None	-1.00	None	-1.00	None	-1.00	+
chrX:60218064-60332897	mn_2'	14908	15078	98.83	None	-1.00	None	-1.00	None	-1.00	+
chrX:60218064-60332897	mn_3'	15079	15247	100.00	None	-1.00	None	-1.00	None	-1.00	+
chrX:60218064-60332897	mn_4'	15248	15433	100.00	None	-1.00	None	-1.00	None	-1.00	+
chrX:60218064-60332897	mn_5'	15434	15604	98.25	None	-1.00	None	-1.00	None	-1.00	+
chrX:60218064-60332897	mn_6'	15605	15775	100.00	None	-1.00	None	-1.00	None	-1.00	+
chrX:60218064-60332897	mn_8'	15776	15942	100.00	None	-1.00	None	-1.00	None	-1.00	+
chrX:60218064-60332897	mn_7'	15943	16113	99.42	None	-1.00	None	-1.00	None	-1.00	+
chrX:60218064-60332897	mn_1'	16114	16284	98.25	None	-1.00	None	-1.00	None	-1.00	+
chrX:60218064-60332897	mn_11'	16285	16455	100.00	None	-1.00	None	-1.00	None	-1.00	+
chrX:60218064-60332897	mn_9'	16456	16626	100.00	None	-1.00	None	-1.00	None	-1.00	+
chrX:60218064-60332897	mn_10'	16627	16793	99.40	None	-1.00	None	-1.00	None	-1.00	+
chrX:60218064-60332897	mn_0'	16794	16964	99.42	None	-1.00	None	-1.00	None	-1.00	+
chrX:60218064-60332897	mn_2'	16965	17135	99.42	None	-1.00	None	-1.00	None	-1.00	+
chrX:60218064-60332897	mn_3'	17136	17304	100.00	None	-1.00	None	-1.00	None	-1.00	+
chrX:60218064-60332897	mn_4'	17305	17490	100.00	None	-1.00	None	-1.00	None	-1.00	+
chrX:60218064-60332897	mn_5'	17491	17661	100.00	None	-1.00	None	-1.00	None	-1.00	+
chrX:60218064-60332897	mn_6'	17662	17832	97.66	None	-1.00	None	-1.00	None	-1.00	+
chrX:60218064-60332897	mn_8'	17833	17999	100.00	None	-1.00	None	-1.00	None	-1.00	+
chrX:60218064-60332897	mn_7'	18000	18170	99.42	None	-1.00	None	-1.00	None	-1.00	+
chrX:60218064-60332897	mn_1'	18171	18341	96.49	None	-1.00	None	-1.00	None	-1.00	+
chrX:60218064-60332897	mn_11'	18342	18512	100.00	None	-1.00	None	-1.00	None	-1.00	+
chrX:60218064-60332897	mn_9'	18513	18683	100.00	None	-1.00	None	-1.00	None	-1.00	+
chrX:60218064-60332897	mn_10'	18684	18850	100.00	None	-1.00	None	-1.00	None	-1.00	+
chrX:60218064-60332897	mn_0'	18851	19021	98.83	None	-1.00	None	-1.00	None	-1.00	+
chrX:60218064-60332897	mn_1'	19022	19192	100.00	None	-1.00	None	-1.00	None	-1.00	+
chrX:60218064-60332897	mn_11'	19193	19363	99.42	None	-1.00	None	-1.00	None	-1.00	+
chrX:60218064-60332897	mn_9'	19364	19534	100.00	None	-1.00	None	-1.00	None	-1.00	+
chrX:60218064-60332897	mn_10'	19535	19701	98.80	None	-1.00	None	-1.00	None	-1.00	+
chrX:60218064-60332897	mn_0'	19702	19872	100.00	None	-1.00	None	-1.00	None	-1.00	+
chrX:60218064-60332897	mn_2'	19873	20043	100.00	None	-1.00	None	-1.00	None	-1.00	+
chrX:60218064-60332897	mn_3'	20044	20212	99.41	None	-1.00	None	-1.00	None	-1.00	+
chrX:60218064-60332897	mn_4'	20213	20398	100.00	None	-1.00	None	-1.00	None	-1.00	+
chrX:60218064-60332897	mn_5'	20399	20569	98.83	None	-1.00	None	-1.00	None	-1.00	+
chrX:60218064-60332897	mn_6'	20570	20740	100.00	None	-1.00	None	-1.00	None	-1.00	+
chrX:60218064-60332897	mn_8'	20741	20907	100.00	None	-1.00	None	-1.00	None	-1.00	+
chrX:60218064-60332897	mn_7'	20908	21078	100.00	None	-1.00	None	-1.00	None	-1.00	+
chrX:60218064-60332897	mn_1'	21079	21249	96.49	None	-1.00	None	-1.00	None	-1.00	+
chrX:60218064-60332897	mn_11'	21250	21420	100.00	None	-1.00	None	-1.00	None	-1.00	+
chrX:60218064-60332897	mn_9'	21421	21591	99.42	None	-1.00	None	-1.00	None	-1.00	+
chrX:60218064-60332897	mn_10'	21592	21758	99.40	None	-1.00	None	-1.00	None	-1.00	+
chrX:60218064-60332897	mn_0'	21759	21929	100.00	None	-1.00	None	-1.00	None	-1.00	+
chrX:60218064-60332897	mn_2'	21930	22100	99.42	None	-1.00	None	-1.00	None	-1.00	+
chrX:60218064-60332897	mn_3'	22101	22269	100.00	None	-1.00	None	-1.00	None	-1.00	+
chrX:60218064-60332897	mn_4'	22270	22454	98.39	None	-1.00	None	-1.00	None	-1.00	+
chrX:60218064-60332897	mn_5'	22455	22625	99.42	None	-1.00	None	-1.00	None	-1.00	+
chrX:60218064-60332897	mn_6'	22626	22796	99.42	None	-1.00	None	-1.00	None	-1.00	+
chrX:60218064-60332897	mn_8'	22797	22963	100.00	None	-1.00	None	-1.00	None	-1.00	+
chrX:60218064-60332897	mn_7'	22964	23134	100.00	None	-1.00	None	-1.00	None	-1.00	+
chrX:60218064-60332897	mn_1'	23135	23305	98.25	None	-1.00	None	-1.00	None	-1.00	+
chrX:60218064-60332897	mn_11'	23306	23476	99.42	None	-1.00	None	-1.00	None	-1.00	+
chrX:60218064-60332897	mn_9'	23477	23647	100.00	None	-1.00	None	-1.00	None	-1.00	+
chrX:60218064-60332897	mn_10'	23648	23814	100.00	None	-1.00	None	-1.00	None	-1.00	+
chrX:60218064-60332897	mn_0'	23815	23985	100.00	None	-1.00	None	-1.00	None	-1.00	+
chrX:60218064-60332897	mn_2'	23986	24156	100.00	None	-1.00	None	-1.00	None	-1.00	+
chrX:60218064-60332897	mn_3'	24157	24325	100.00	None	-1.00	None	-1.00	None	-1.00	+
chrX:60218064-60332897	mn_4'	24326	24511	99.46	None	-1.00	None	-1.00	None	-1.00	+
chrX:60218064-60332897	mn_5'	24512	24682	98.25	None	-1.00	None	-1.00	None	-1.00	+
chrX:60218064-60332897	mn_6'	24683	24853	98.25	None	-1.00	None	-1.00	None	-1.00	+
chrX:60218064-60332897	mn_8'	24854	25020	100.00	None	-1.00	None	-1.00	None	-1.00	+
chrX:60218064-60332897	mn_7'	25021	25191	100.00	None	-1.00	None	-1.00	None	-1.00	+
chrX:60218064-60332897	mn_1'	25192	25362	96.49	None	-1.00	None	-1.00	None	-1.00	+
chrX:60218064-60332897	mn_11'	25363	25533	97.66	None	-1.00	None	-1.00	None	-1.00	+
chrX:60218064-60332897	mn_9'	25534	25704	99.42	None	-1.00	None	-1.00	None	-1.00	+
chrX:60218064-60332897	mn_10'	25705	25871	99.40	None	-1.00	None	-1.00	None	-1.00	+
chrX:60218064-60332897	mn_0'	25872	26042	100.00	None	-1.00	None	-1.00	None	-1.00	+
chrX:60218064-60332897	mn_2'	26043	26213	100.00	None	-1.00	None	-1.00	None	-1.00	+
chrX:60218064-60332897	mn_3'	26214	26382	98.82	None	-1.00	None	-1.00	None	-1.00	+
chrX:60218064-60332897	mn_4'	26383	26568	100.00	None	-1.00	None	-1.00	None	-1.00	+
chrX:60218064-60332897	mn_5'	26569	26739	99.42	None	-1.00	None	-1.00	None	-1.00	+
chrX:60218064-60332897	mn_6'	26740	26910	97.66	None	-1.00	None	-1.00	None	-1.00	+
chrX:60218064-60332897	mn_8'	26911	27077	99.40	None	-1.00	None	-1.00	None	-1.00	+
chrX:60218064-60332897	mn_7'	27078	27248	100.00	None	-1.00	None	-1.00	None	-1.00	+
chrX:60218064-60332897	mn_1'	27249	27419	96.49	None	-1.00	None	-1.00	None	-1.00	+
chrX:60218064-60332897	mn_11'	27420	27590	100.00	None	-1.00	None	-1.00	None	-1.00	+
chrX:60218064-60332897	mn_9'	27591	27761	98.83	None	-1.00	None	-1.00	None	-1.00	+
chrX:60218064-60332897	mn_10'	27762	27928	100.00	None	-1.00	None	-1.00	None	-1.00	+
chrX:60218064-60332897	mn_0'	27929	28099	98.83	None	-1.00	None	-1.00	None	-1.00	+
chrX:60218064-60332897	mn_1'	28100	28270	100.00	None	-1.00	None	-1.00	None	-1.00	+
chrX:60218064-60332897	mn_11'	28271	28441	99.42	None	-1.00	None	-1.00	None	-1.00	+
chrX:60218064-60332897	mn_9'	28442	28612	99.42	None	-1.00	None	-1.00	None	-1.00	+
chrX:60218064-60332897	mn_10'	28613	28779	98.80	None	-1.00	None	-1.00	None	-1.00	+
chrX:60218064-60332897	mn_0'	28780	28950	100.00	None	-1.00	None	-1.00	None	-1.00	+
chrX:60218064-60332897	mn_2'	28951	29121	100.00	None	-1.00	None	-1.00	None	-1.00	+
chrX:60218064-60332897	mn_3'	29122	29290	98.82	None	-1.00	None	-1.00	None	-1.00	+
chrX:60218064-60332897	mn_4'	29291	29476	100.00	None	-1.00	None	-1.00	None	-1.00	+
chrX:60218064-60332897	mn_5'	29477	29647	98.25	None	-1.00	None	-1.00	None	-1.00	+
chrX:60218064-60332897	mn_6'	29648	29818	100.00	None	-1.00	None	-1.00	None	-1.00	+
chrX:60218064-60332897	mn_8'	29819	29985	100.00	None	-1.00	None	-1.00	None	-1.00	+
chrX:60218064-60332897	mn_7'	29986	30156	99.42	None	-1.00	None	-1.00	None	-1.00	+
chrX:60218064-60332897	mn_1'	30157	30327	99.42	None	-1.00	None	-1.00	None	-1.00	+
chrX:60218064-60332897	mn_11'	30328	30498	99.42	None	-1.00	None	-1.00	None	-1.00	+
chrX:60218064-60332897	mn_9'	30499	30669	99.42	None	-1.00	None	-1.00	None	-1.00	+
chrX:60218064-60332897	mn_10'	30670	30836	98.80	None	-1.00	None	-1.00	None	-1.00	+
chrX:60218064-60332897	mn_0'	30837	31007	98.83	None	-1.00	None	-1.00	None	-1.00	+
chrX:60218064-60332897	mn_2'	31008	31178	99.42	None	-1.00	None	-1.00	None	-1.00	+
chrX:60218064-60332897	mn_3'	31179	31347	98.82	None	-1.00	None	-1.00	None	-1.00	+
chrX:60218064-60332897	mn_4'	31348	31533	99.46	None	-1.00	None	-1.00	None	-1.00	+
chrX:60218064-60332897	mn_5'	31534	31704	100.00	None	-1.00	None	-1.00	None	-1.00	+
chrX:60218064-60332897	mn_6'	31705	31875	99.42	None	-1.00	None	-1.00	None	-1.00	+
chrX:60218064-60332897	mn_8'	31876	32038	95.81	None	-1.00	None	-1.00	None	-1.00	+
chrX:60218064-60332897	mn_7'	32039	32209	99.42	None	-1.00	None	-1.00	None	-1.00	+
chrX:60218064-60332897	mn_1'	32210	32380	100.00	None	-1.00	None	-1.00	None	-1.00	+
chrX:60218064-60332897	mn_11'	32381	32551	98.83	None	-1.00	None	-1.00	None	-1.00	+
chrX:60218064-60332897	mn_9'	32552	32722	99.42	None	-1.00	None	-1.00	None	-1.00	+
chrX:60218064-60332897	mn_10'	32723	32889	97.60	None	-1.00	None	-1.00	None	-1.00	+
chrX:60218064-60332897	mn_0'	32890	33060	98.25	None	-1.00	None	-1.00	None	-1.00	+
chrX:60218064-60332897	mn_2'	33061	33231	100.00	None	-1.00	None	-1.00	None	-1.00	+
chrX:60218064-60332897	mn_3'	33232	33400	98.82	None	-1.00	None	-1.00	None	-1.00	+
chrX:60218064-60332897	mn_4'	33401	33586	100.00	None	-1.00	None	-1.00	None	-1.00	+
chrX:60218064-60332897	mn_5'	33587	33757	99.42	None	-1.00	None	-1.00	None	-1.00	+
chrX:60218064-60332897	mn_6'	33758	33928	99.42	None	-1.00	None	-1.00	None	-1.00	+
chrX:60218064-60332897	mn_8'	33929	34095	98.80	None	-1.00	None	-1.00	None	-1.00	+
chrX:60218064-60332897	mn_7'	34096	34266	99.42	None	-1.00	None	-1.00	None	-1.00	+
chrX:60218064-60332897	mn_1'	34267	34437	99.42	None	-1.00	None	-1.00	None	-1.00	+
chrX:60218064-60332897	mn_11'	34438	34608	99.42	None	-1.00	None	-1.00	None	-1.00	+
chrX:60218064-60332897	mn_9'	34609	34779	99.42	None	-1.00	None	-1.00	None	-1.00	+
chrX:60218064-60332897	mn_10'	34780	34946	98.20	None	-1.00	None	-1.00	None	-1.00	+
chrX:60218064-60332897	mn_0'	34947	35117	97.08	None	-1.00	None	-1.00	None	-1.00	+
chrX:60218064-60332897	mn_2'	35118	35288	100.00	None	-1.00	None	-1.00	None	-1.00	+
chrX:60218064-60332897	mn_3'	35289	35457	98.82	None	-1.00	None	-1.00	None	-1.00	+
chrX:60218064-60332897	mn_4'	35458	35643	99.46	None	-1.00	None	-1.00	None	-1.00	+
chrX:60218064-60332897	mn_5'	35644	35814	99.42	None	-1.00	None	-1.00	None	-1.00	+
chrX:60218064-60332897	mn_6'	35815	35985	100.00	None	-1.00	None	-1.00	None	-1.00	+
chrX:60218064-60332897	mn_8'	35986	36152	99.40	None	-1.00	None	-1.00	None	-1.00	+
chrX:60218064-60332897	mn_7'	36153	36323	98.25	None	-1.00	None	-1.00	None	-1.00	+
chrX:60218064-60332897	mn_1'	36324	36494	99.42	None	-1.00	None	-1.00	None	-1.00	+
chrX:60218064-60332897	mn_11'	36495	36665	98.83	None	-1.00	None	-1.00	None	-1.00	+
chrX:60218064-60332897	mn_9'	36666	36836	98.83	None	-1.00	None	-1.00	None	-1.00	+
chrX:60218064-60332897	mn_10'	36837	37003	99.40	None	-1.00	None	-1.00	None	-1.00	+
chrX:60218064-60332897	mn_0'	37004	37174	99.42	None	-1.00	None	-1.00	None	-1.00	+
chrX:60218064-60332897	mn_2'	37175	37345	100.00	None	-1.00	None	-1.00	None	-1.00	+
chrX:60218064-60332897	mn_3'	37346	37514	99.41	None	-1.00	None	-1.00	None	-1.00	+
chrX:60218064-60332897	mn_4'	37515	37700	99.46	None	-1.00	None	-1.00	None	-1.00	+
chrX:60218064-60332897	mn_5'	37701	37871	99.42	None	-1.00	None	-1.00	None	-1.00	+
chrX:60218064-60332897	mn_6'	37872	38042	99.42	None	-1.00	None	-1.00	None	-1.00	+
chrX:60218064-60332897	mn_8'	38043	38209	98.80	None	-1.00	None	-1.00	None	-1.00	+
chrX:60218064-60332897	mn_7'	38210	38380	99.42	None	-1.00	None	-1.00	None	-1.00	+
chrX:60218064-60332897	mn_1'	38381	38551	98.25	None	-1.00	None	-1.00	None	-1.00	+
chrX:60218064-60332897	mn_11'	38552	38722	99.42	None	-1.00	None	-1.00	None	-1.00	+
chrX:60218064-60332897	mn_9'	38723	38893	100.00	None	-1.00	None	-1.00	None	-1.00	+
chrX:60218064-60332897	mn_10'	38894	39060	99.40	None	-1.00	None	-1.00	None	-1.00	+
chrX:60218064-60332897	mn_0'	39061	39231	100.00	None	-1.00	None	-1.00	None	-1.00	+
chrX:60218064-60332897	mn_2'	39232	39402	100.00	None	-1.00	None	-1.00	None	-1.00	+
chrX:60218064-60332897	mn_3'	39403	39571	99.41	None	-1.00	None	-1.00	None	-1.00	+
chrX:60218064-60332897	mn_4'	39572	39757	99.46	None	-1.00	None	-1.00	None	-1.00	+
chrX:60218064-60332897	mn_5'	39758	39928	99.42	None	-1.00	None	-1.00	None	-1.00	+
chrX:60218064-60332897	mn_6'	39929	40099	99.42	None	-1.00	None	-1.00	None	-1.00	+
chrX:60218064-60332897	mn_8'	40100	40266	98.20	None	-1.00	None	-1.00	None	-1.00	+
chrX:60218064-60332897	mn_7'	40267	40437	98.83	None	-1.00	None	-1.00	None	-1.00	+
chrX:60218064-60332897	mn_1'	40438	40608	98.25	None	-1.00	None	-1.00	None	-1.00	+
chrX:60218064-60332897	mn_11'	40609	40779	100.00	None	-1.00	None	-1.00	None	-1.00	+
chrX:60218064-60332897	mn_9'	40780	40950	100.00	None	-1.00	None	-1.00	None	-1.00	+
chrX:60218064-60332897	mn_10'	40951	41117	100.00	None	-1.00	None	-1.00	None	-1.00	+
chrX:60218064-60332897	mn_0'	41118	41288	99.42	None	-1.00	None	-1.00	None	-1.00	+
chrX:60218064-60332897	mn_2'	41289	41459	100.00	None	-1.00	None	-1.00	None	-1.00	+
chrX:60218064-60332897	mn_3'	41460	41628	98.82	None	-1.00	None	-1.00	None	-1.00	+
chrX:60218064-60332897	mn_4'	41629	41814	99.46	None	-1.00	None	-1.00	None	-1.00	+
chrX:60218064-60332897	mn_5'	41815	41985	98.83	None	-1.00	None	-1.00	None	-1.00	+
chrX:60218064-60332897	mn_6'	41986	42156	100.00	None	-1.00	None	-1.00	None	-1.00	+
chrX:60218064-60332897	mn_8'	42157	42323	100.00	None	-1.00	None	-1.00	None	-1.00	+
chrX:60218064-60332897	mn_7'	42324	42494	98.83	None	-1.00	None	-1.00	None	-1.00	+
chrX:60218064-60332897	mn_1'	42495	42665	100.00	None	-1.00	None	-1.00	None	-1.00	+
chrX:60218064-60332897	mn_11'	42666	42836	99.42	None	-1.00	None	-1.00	None	-1.00	+
chrX:60218064-60332897	mn_9'	42837	43007	99.42	None	-1.00	None	-1.00	None	-1.00	+
chrX:60218064-60332897	mn_10'	43008	43174	98.80	None	-1.00	None	-1.00	None	-1.00	+
chrX:60218064-60332897	mn_0'	43175	43345	98.83	None	-1.00	None	-1.00	None	-1.00	+
chrX:60218064-60332897	mn_2'	43346	43516	98.25	None	-1.00	None	-1.00	None	-1.00	+
chrX:60218064-60332897	mn_3'	43517	43687	97.66	None	-1.00	None	-1.00	None	-1.00	+
chrX:60218064-60332897	mn_4'	43688	43873	100.00	None	-1.00	None	-1.00	None	-1.00	+
chrX:60218064-60332897	mn_5'	43874	44044	99.42	None	-1.00	None	-1.00	None	-1.00	+
chrX:60218064-60332897	mn_6'	44045	44215	98.83	None	-1.00	None	-1.00	None	-1.00	+
chrX:60218064-60332897	mn_8'	44216	44382	99.40	None	-1.00	None	-1.00	None	-1.00	+
chrX:60218064-60332897	mn_7'	44383	44553	99.42	None	-1.00	None	-1.00	None	-1.00	+
chrX:60218064-60332897	mn_1'	44554	44724	98.83	None	-1.00	None	-1.00	None	-1.00	+
chrX:60218064-60332897	mn_12'	44725	44892	99.40	None	-1.00	None	-1.00	None	-1.00	+
chrX:60218064-60332897	mn_0'	44893	45063	100.00	None	-1.00	None	-1.00	None	-1.00	+
chrX:60218064-60332897	mn_2'	45064	45234	100.00	None	-1.00	None	-1.00	None	-1.00	+
chrX:60218064-60332897	mn_3'	45235	45403	99.41	None	-1.00	None	-1.00	None	-1.00	+
chrX:60218064-60332897	mn_4'	45404	45589	99.46	None	-1.00	None	-1.00	None	-1.00	+
chrX:60218064-60332897	mn_5'	45590	45760	99.42	None	-1.00	None	-1.00	None	-1.00	+
chrX:60218064-60332897	mn_6'	45761	45931	100.00	None	-1.00	None	-1.00	None	-1.00	+
chrX:60218064-60332897	mn_8'	45932	46098	99.40	None	-1.00	None	-1.00	None	-1.00	+
chrX:60218064-60332897	mn_7'	46099	46269	98.83	None	-1.00	None	-1.00	None	-1.00	+
chrX:60218064-60332897	mn_1'	46270	46440	100.00	None	-1.00	None	-1.00	None	-1.00	+
chrX:60218064-60332897	mn_11'	46441	46611	99.42	None	-1.00	None	-1.00	None	-1.00	+
chrX:60218064-60332897	mn_9'	46612	46782	99.42	None	-1.00	None	-1.00	None	-1.00	+
chrX:60218064-60332897	mn_10'	46783	46949	99.40	None	-1.00	None	-1.00	None	-1.00	+
chrX:60218064-60332897	mn_0'	46950	47120	98.83	None	-1.00	None	-1.00	None	-1.00	+
chrX:60218064-60332897	mn_2'	47121	47291	98.25	None	-1.00	None	-1.00	None	-1.00	+
chrX:60218064-60332897	mn_3'	47292	47460	100.00	None	-1.00	None	-1.00	None	-1.00	+
chrX:60218064-60332897	mn_4'	47461	47646	100.00	None	-1.00	None	-1.00	None	-1.00	+
chrX:60218064-60332897	mn_5'	47647	47817	97.66	None	-1.00	None	-1.00	None	-1.00	+
chrX:60218064-60332897	mn_6'	47818	47988	100.00	None	-1.00	None	-1.00	None	-1.00	+
chrX:60218064-60332897	mn_8'	47989	48155	99.40	None	-1.00	None	-1.00	None	-1.00	+
chrX:60218064-60332897	mn_7'	48156	48326	98.83	None	-1.00	None	-1.00	None	-1.00	+
chrX:60218064-60332897	mn_1'	48327	48497	99.42	None	-1.00	None	-1.00	None	-1.00	+
chrX:60218064-60332897	mn_11'	48498	48668	100.00	None	-1.00	None	-1.00	None	-1.00	+
chrX:60218064-60332897	mn_9'	48669	48839	100.00	None	-1.00	None	-1.00	None	-1.00	+
chrX:60218064-60332897	mn_10'	48840	49006	98.20	None	-1.00	None	-1.00	None	-1.00	+
chrX:60218064-60332897	mn_0'	49007	49177	100.00	None	-1.00	None	-1.00	None	-1.00	+
chrX:60218064-60332897	mn_2'	49178	49348	100.00	None	-1.00	None	-1.00	None	-1.00	+
chrX:60218064-60332897	mn_3'	49349	49517	100.00	None	-1.00	None	-1.00	None	-1.00	+
chrX:60218064-60332897	mn_4'	49518	49702	98.39	None	-1.00	None	-1.00	None	-1.00	+
chrX:60218064-60332897	mn_5'	49703	49873	99.42	None	-1.00	None	-1.00	None	-1.00	+
chrX:60218064-60332897	mn_6'	49874	50044	99.42	None	-1.00	None	-1.00	None	-1.00	+
chrX:60218064-60332897	mn_8'	50045	50211	100.00	None	-1.00	None	-1.00	None	-1.00	+
chrX:60218064-60332897	mn_7'	50212	50382	99.42	None	-1.00	None	-1.00	None	-1.00	+
chrX:60218064-60332897	mn_1'	50383	50553	98.83	None	-1.00	None	-1.00	None	-1.00	+
chrX:60218064-60332897	mn_11'	50554	50724	99.42	None	-1.00	None	-1.00	None	-1.00	+
chrX:60218064-60332897	mn_9'	50725	50895	98.83	None	-1.00	None	-1.00	None	-1.00	+
chrX:60218064-60332897	mn_10'	50896	51062	100.00	None	-1.00	None	-1.00	None	-1.00	+
chrX:60218064-60332897	mn_0'	51063	51233	100.00	None	-1.00	None	-1.00	None	-1.00	+
chrX:60218064-60332897	mn_2'	51234	51404	99.42	None	-1.00	None	-1.00	None	-1.00	+
chrX:60218064-60332897	mn_3'	51405	51573	100.00	None	-1.00	None	-1.00	None	-1.00	+
chrX:60218064-60332897	mn_4'	51574	51759	99.46	None	-1.00	None	-1.00	None	-1.00	+
chrX:60218064-60332897	mn_5'	51760	51930	97.66	None	-1.00	None	-1.00	None	-1.00	+
chrX:60218064-60332897	mn_6'	51931	52101	100.00	None	-1.00	None	-1.00	None	-1.00	+
chrX:60218064-60332897	mn_8'	52102	52268	99.40	None	-1.00	None	-1.00	None	-1.00	+
chrX:60218064-60332897	mn_7'	52269	52439	98.83	None	-1.00	None	-1.00	None	-1.00	+
chrX:60218064-60332897	mn_1'	52440	52610	100.00	None	-1.00	None	-1.00	None	-1.00	+
chrX:60218064-60332897	mn_11'	52611	52781	100.00	None	-1.00	None	-1.00	None	-1.00	+
chrX:60218064-60332897	mn_9'	52782	52952	100.00	None	-1.00	None	-1.00	None	-1.00	+
chrX:60218064-60332897	mn_10'	52953	53119	98.20	None	-1.00	None	-1.00	None	-1.00	+
chrX:60218064-60332897	mn_0'	53120	53290	100.00	None	-1.00	None	-1.00	None	-1.00	+
chrX:60218064-60332897	mn_2'	53291	53461	100.00	None	-1.00	None	-1.00	None	-1.00	+
chrX:60218064-60332897	mn_3'	53462	53630	100.00	None	-1.00	None	-1.00	None	-1.00	+
chrX:60218064-60332897	mn_4'	53631	53815	98.39	None	-1.00	None	-1.00	None	-1.00	+
chrX:60218064-60332897	mn_5'	53816	53986	99.42	None	-1.00	None	-1.00	None	-1.00	+
chrX:60218064-60332897	mn_6'	53987	54157	99.42	None	-1.00	None	-1.00	None	-1.00	+
chrX:60218064-60332897	mn_8'	54158	54324	100.00	None	-1.00	None	-1.00	None	-1.00	+
chrX:60218064-60332897	mn_7'	54325	54495	99.42	None	-1.00	None	-1.00	None	-1.00	+
chrX:60218064-60332897	mn_1'	54496	54666	98.83	None	-1.00	None	-1.00	None	-1.00	+
chrX:60218064-60332897	mn_11'	54667	54837	99.42	None	-1.00	None	-1.00	None	-1.00	+
chrX:60218064-60332897	mn_9'	54838	55008	99.42	None	-1.00	None	-1.00	None	-1.00	+
chrX:60218064-60332897	mn_10'	55009	55175	97.60	None	-1.00	None	-1.00	None	-1.00	+
chrX:60218064-60332897	mn_0'	55176	55346	100.00	None	-1.00	None	-1.00	None	-1.00	+
chrX:60218064-60332897	mn_2'	55347	55517	100.00	None	-1.00	None	-1.00	None	-1.00	+
chrX:60218064-60332897	mn_3'	55518	55686	98.82	None	-1.00	None	-1.00	None	-1.00	+
chrX:60218064-60332897	mn_4'	55687	55872	100.00	None	-1.00	None	-1.00	None	-1.00	+
chrX:60218064-60332897	mn_5'	55873	56041	98.25	None	-1.00	None	-1.00	None	-1.00	+
chrX:60218064-60332897	mn_6'	56042	56212	100.00	None	-1.00	None	-1.00	None	-1.00	+
chrX:60218064-60332897	mn_8'	56213	56379	100.00	None	-1.00	None	-1.00	None	-1.00	+
chrX:60218064-60332897	mn_7'	56380	56550	99.42	None	-1.00	None	-1.00	None	-1.00	+
chrX:60218064-60332897	mn_1'	56551	56721	98.83	None	-1.00	None	-1.00	None	-1.00	+
chrX:60218064-60332897	mn_11'	56722	56892	99.42	None	-1.00	None	-1.00	None	-1.00	+
chrX:60218064-60332897	mn_9'	56893	57063	98.83	None	-1.00	None	-1.00	None	-1.00	+
chrX:60218064-60332897	mn_10'	57064	57230	100.00	None	-1.00	None	-1.00	None	-1.00	+
chrX:60218064-60332897	mn_0'	57231	57401	99.42	None	-1.00	None	-1.00	None	-1.00	+
chrX:60218064-60332897	mn_2'	57402	57572	100.00	None	-1.00	None	-1.00	None	-1.00	+
chrX:60218064-60332897	mn_3'	57573	57741	100.00	None	-1.00	None	-1.00	None	-1.00	+
chrX:60218064-60332897	mn_4'	57742	57927	100.00	None	-1.00	None	-1.00	None	-1.00	+
chrX:60218064-60332897	mn_5'	57928	58098	100.00	None	-1.00	None	-1.00	None	-1.00	+
chrX:60218064-60332897	mn_6'	58099	58269	99.42	None	-1.00	None	-1.00	None	-1.00	+
chrX:60218064-60332897	mn_8'	58270	58436	98.80	None	-1.00	None	-1.00	None	-1.00	+
chrX:60218064-60332897	mn_7'	58437	58607	98.83	None	-1.00	None	-1.00	None	-1.00	+
chrX:60218064-60332897	mn_1'	58608	58778	97.08	None	-1.00	None	-1.00	None	-1.00	+
chrX:60218064-60332897	mn_11'	58779	58949	99.42	None	-1.00	None	-1.00	None	-1.00	+
chrX:60218064-60332897	mn_9'	58950	59120	100.00	None	-1.00	None	-1.00	None	-1.00	+
chrX:60218064-60332897	mn_10'	59121	59287	99.40	None	-1.00	None	-1.00	None	-1.00	+
chrX:60218064-60332897	mn_0'	59288	59458	98.83	None	-1.00	None	-1.00	None	-1.00	+
chrX:60218064-60332897	mn_2'	59459	59629	100.00	None	-1.00	None	-1.00	None	-1.00	+
chrX:60218064-60332897	mn_3'	59630	59798	100.00	None	-1.00	None	-1.00	None	-1.00	+
chrX:60218064-60332897	mn_4'	59799	59984	100.00	None	-1.00	None	-1.00	None	-1.00	+
chrX:60218064-60332897	mn_5'	59985	60155	99.42	None	-1.00	None	-1.00	None	-1.00	+
chrX:60218064-60332897	mn_6'	60156	60326	100.00	None	-1.00	None	-1.00	None	-1.00	+
chrX:60218064-60332897	mn_8'	60327	60493	100.00	None	-1.00	None	-1.00	None	-1.00	+
chrX:60218064-60332897	mn_7'	60494	60664	99.42	None	-1.00	None	-1.00	None	-1.00	+
chrX:60218064-60332897	mn_1'	60665	60835	97.66	None	-1.00	None	-1.00	None	-1.00	+
chrX:60218064-60332897	mn_11'	60836	61006	97.66	None	-1.00	None	-1.00	None	-1.00	+
chrX:60218064-60332897	mn_9'	61007	61177	100.00	None	-1.00	None	-1.00	None	-1.00	+
chrX:60218064-60332897	mn_10'	61178	61344	99.40	None	-1.00	None	-1.00	None	-1.00	+
chrX:60218064-60332897	mn_0'	61345	61515	98.83	None	-1.00	None	-1.00	None	-1.00	+
chrX:60218064-60332897	mn_2'	61516	61686	100.00	None	-1.00	None	-1.00	None	-1.00	+
chrX:60218064-60332897	mn_3'	61687	61855	100.00	None	-1.00	None	-1.00	None	-1.00	+
chrX:60218064-60332897	mn_4'	61856	62041	100.00	None	-1.00	None	-1.00	None	-1.00	+
chrX:60218064-60332897	mn_5'	62042	62212	98.25	None	-1.00	None	-1.00	None	-1.00	+
chrX:60218064-60332897	mn_6'	62213	62383	98.83	None	-1.00	None	-1.00	None	-1.00	+
chrX:60218064-60332897	mn_8'	62384	62550	100.00	None	-1.00	None	-1.00	None	-1.00	+
chrX:60218064-60332897	mn_7'	62551	62721	98.25	None	-1.00	None	-1.00	None	-1.00	+
chrX:60218064-60332897	mn_1'	62722	62892	98.83	None	-1.00	None	-1.00	None	-1.00	+
chrX:60218064-60332897	mn_11'	62893	63063	98.83	None	-1.00	None	-1.00	None	-1.00	+
chrX:60218064-60332897	mn_9'	63064	63234	98.83	None	-1.00	None	-1.00	None	-1.00	+
chrX:60218064-60332897	mn_10'	63235	63401	98.80	None	-1.00	None	-1.00	None	-1.00	+
chrX:60218064-60332897	mn_0'	63402	63572	98.83	None	-1.00	None	-1.00	None	-1.00	+
chrX:60218064-60332897	mn_2'	63573	63743	100.00	None	-1.00	None	-1.00	None	-1.00	+
chrX:60218064-60332897	mn_3'	63744	63912	100.00	None	-1.00	None	-1.00	None	-1.00	+
chrX:60218064-60332897	mn_4'	63913	64098	100.00	None	-1.00	None	-1.00	None	-1.00	+
chrX:60218064-60332897	mn_5'	64099	64269	100.00	None	-1.00	None	-1.00	None	-1.00	+
chrX:60218064-60332897	mn_6'	64270	64440	99.42	None	-1.00	None	-1.00	None	-1.00	+
chrX:60218064-60332897	mn_8'	64441	64607	98.80	None	-1.00	None	-1.00	None	-1.00	+
chrX:60218064-60332897	mn_7'	64608	64778	98.83	None	-1.00	None	-1.00	None	-1.00	+
chrX:60218064-60332897	mn_1'	64779	64949	99.42	None	-1.00	None	-1.00	None	-1.00	+
chrX:60218064-60332897	mn_11'	64950	65120	98.83	None	-1.00	None	-1.00	None	-1.00	+
chrX:60218064-60332897	mn_9'	65121	65291	100.00	None	-1.00	None	-1.00	None	-1.00	+
chrX:60218064-60332897	mn_10'	65292	65458	99.40	None	-1.00	None	-1.00	None	-1.00	+
chrX:60218064-60332897	mn_0'	65459	65629	98.83	None	-1.00	None	-1.00	None	-1.00	+
chrX:60218064-60332897	mn_2'	65630	65800	100.00	None	-1.00	None	-1.00	None	-1.00	+
chrX:60218064-60332897	mn_3'	65801	65969	99.41	None	-1.00	None	-1.00	None	-1.00	+
chrX:60218064-60332897	mn_4'	65970	66155	100.00	None	-1.00	None	-1.00	None	-1.00	+
chrX:60218064-60332897	mn_5'	66156	66326	100.00	None	-1.00	None	-1.00	None	-1.00	+
chrX:60218064-60332897	mn_6'	66327	66497	99.42	None	-1.00	None	-1.00	None	-1.00	+
chrX:60218064-60332897	mn_8'	66498	66664	99.40	None	-1.00	None	-1.00	None	-1.00	+
chrX:60218064-60332897	mn_7'	66665	66835	98.83	None	-1.00	None	-1.00	None	-1.00	+
chrX:60218064-60332897	mn_1'	66836	67006	99.42	None	-1.00	None	-1.00	None	-1.00	+
chrX:60218064-60332897	mn_11'	67007	67177	98.83	None	-1.00	None	-1.00	None	-1.00	+
chrX:60218064-60332897	mn_9'	67178	67348	100.00	None	-1.00	None	-1.00	None	-1.00	+
chrX:60218064-60332897	mn_10'	67349	67515	98.80	None	-1.00	None	-1.00	None	-1.00	+
chrX:60218064-60332897	mn_0'	67516	67686	98.25	None	-1.00	None	-1.00	None	-1.00	+
chrX:60218064-60332897	mn_2'	67687	67857	99.42	None	-1.00	None	-1.00	None	-1.00	+
chrX:60218064-60332897	mn_3'	67858	68026	97.63	None	-1.00	None	-1.00	None	-1.00	+
chrX:60218064-60332897	mn_4'	68027	68212	100.00	None	-1.00	None	-1.00	None	-1.00	+
chrX:60218064-60332897	mn_5'	68213	68383	99.42	None	-1.00	None	-1.00	None	-1.00	+
chrX:60218064-60332897	mn_6'	68384	68554	99.42	None	-1.00	None	-1.00	None	-1.00	+
chrX:60218064-60332897	mn_8'	68555	68721	98.80	None	-1.00	None	-1.00	None	-1.00	+
chrX:60218064-60332897	mn_7'	68722	68892	97.66	None	-1.00	None	-1.00	None	-1.00	+
chrX:60218064-60332897	mn_1'	68893	69063	100.00	None	-1.00	None	-1.00	None	-1.00	+
chrX:60218064-60332897	mn_12'	69064	69231	100.00	None	-1.00	None	-1.00	None	-1.00	+
chrX:60218064-60332897	mn_0'	69232	69402	97.08	None	-1.00	None	-1.00	None	-1.00	+
chrX:60218064-60332897	mn_2'	69403	69573	100.00	None	-1.00	None	-1.00	None	-1.00	+
chrX:60218064-60332897	mn_3'	69574	69742	98.82	None	-1.00	None	-1.00	None	-1.00	+
chrX:60218064-60332897	mn_4'	69743	69928	99.46	None	-1.00	None	-1.00	None	-1.00	+
chrX:60218064-60332897	mn_5'	69929	70099	100.00	None	-1.00	None	-1.00	None	-1.00	+
chrX:60218064-60332897	mn_6'	70100	70270	99.42	None	-1.00	None	-1.00	None	-1.00	+
chrX:60218064-60332897	mn_8'	70271	70437	99.40	None	-1.00	None	-1.00	None	-1.00	+
chrX:60218064-60332897	mn_7'	70438	70608	98.83	None	-1.00	None	-1.00	None	-1.00	+
chrX:60218064-60332897	mn_1'	70609	70779	100.00	None	-1.00	None	-1.00	None	-1.00	+
chrX:60218064-60332897	mn_11'	70780	70950	98.83	None	-1.00	None	-1.00	None	-1.00	+
chrX:60218064-60332897	mn_9'	70951	71121	98.83	None	-1.00	None	-1.00	None	-1.00	+
chrX:60218064-60332897	mn_10'	71122	71288	98.80	None	-1.00	None	-1.00	None	-1.00	+
chrX:60218064-60332897	mn_0'	71289	71459	98.83	None	-1.00	None	-1.00	None	-1.00	+
chrX:60218064-60332897	mn_2'	71460	71630	99.42	None	-1.00	None	-1.00	None	-1.00	+
chrX:60218064-60332897	mn_3'	71631	71799	97.04	None	-1.00	None	-1.00	None	-1.00	+
chrX:60218064-60332897	mn_4'	71800	71985	98.92	None	-1.00	None	-1.00	None	-1.00	+
chrX:60218064-60332897	mn_5'	71986	72156	99.42	None	-1.00	None	-1.00	None	-1.00	+
chrX:60218064-60332897	mn_6'	72157	72327	99.42	None	-1.00	None	-1.00	None	-1.00	+
chrX:60218064-60332897	mn_8'	72328	72494	98.80	None	-1.00	None	-1.00	None	-1.00	+
chrX:60218064-60332897	mn_7'	72495	72665	98.83	None	-1.00	None	-1.00	None	-1.00	+
chrX:60218064-60332897	mn_1'	72666	72836	100.00	None	-1.00	None	-1.00	None	-1.00	+
chrX:60218064-60332897	mn_12'	72837	73004	100.00	None	-1.00	None	-1.00	None	-1.00	+
chrX:60218064-60332897	mn_0'	73005	73175	97.66	None	-1.00	None	-1.00	None	-1.00	+
chrX:60218064-60332897	mn_2'	73176	73346	100.00	None	-1.00	None	-1.00	None	-1.00	+
chrX:60218064-60332897	mn_3'	73347	73515	98.82	None	-1.00	None	-1.00	None	-1.00	+
chrX:60218064-60332897	mn_4'	73516	73701	99.46	None	-1.00	None	-1.00	None	-1.00	+
chrX:60218064-60332897	mn_5'	73702	73872	100.00	None	-1.00	None	-1.00	None	-1.00	+
chrX:60218064-60332897	mn_6'	73873	74043	99.42	None	-1.00	None	-1.00	None	-1.00	+
chrX:60218064-60332897	mn_8'	74044	74210	99.40	None	-1.00	None	-1.00	None	-1.00	+
chrX:60218064-60332897	mn_7'	74211	74381	98.83	None	-1.00	None	-1.00	None	-1.00	+
chrX:60218064-60332897	mn_1'	74382	74552	100.00	None	-1.00	None	-1.00	None	-1.00	+
chrX:60218064-60332897	mn_11'	74553	74723	98.83	None	-1.00	None	-1.00	None	-1.00	+
chrX:60218064-60332897	mn_9'	74724	74894	98.83	None	-1.00	None	-1.00	None	-1.00	+
chrX:60218064-60332897	mn_10'	74895	75061	98.80	None	-1.00	None	-1.00	None	-1.00	+
chrX:60218064-60332897	mn_0'	75062	75232	98.83	None	-1.00	None	-1.00	None	-1.00	+
chrX:60218064-60332897	mn_2'	75233	75403	99.42	None	-1.00	None	-1.00	None	-1.00	+
chrX:60218064-60332897	mn_3'	75404	75572	96.45	None	-1.00	None	-1.00	None	-1.00	+
chrX:60218064-60332897	mn_4'	75573	75758	99.46	None	-1.00	None	-1.00	None	-1.00	+
chrX:60218064-60332897	mn_5'	75759	75929	99.42	None	-1.00	None	-1.00	None	-1.00	+
chrX:60218064-60332897	mn_6'	75930	76100	99.42	None	-1.00	None	-1.00	None	-1.00	+
chrX:60218064-60332897	mn_8'	76101	76267	98.80	None	-1.00	None	-1.00	None	-1.00	+
chrX:60218064-60332897	mn_7'	76268	76438	98.83	None	-1.00	None	-1.00	None	-1.00	+
chrX:60218064-60332897	mn_1'	76439	76609	100.00	None	-1.00	None	-1.00	None	-1.00	+
chrX:60218064-60332897	mn_12'	76610	76777	100.00	None	-1.00	None	-1.00	None	-1.00	+
chrX:60218064-60332897	mn_0'	76778	76948	97.09	None	-1.00	None	-1.00	None	-1.00	+
chrX:60218064-60332897	mn_2'	76949	77119	100.00	None	-1.00	None	-1.00	None	-1.00	+
chrX:60218064-60332897	mn_3'	77120	77288	98.82	None	-1.00	None	-1.00	None	-1.00	+
chrX:60218064-60332897	mn_4'	77289	77474	99.46	None	-1.00	None	-1.00	None	-1.00	+
chrX:60218064-60332897	mn_5'	77475	77645	100.00	None	-1.00	None	-1.00	None	-1.00	+
chrX:60218064-60332897	mn_6'	77646	77816	99.42	None	-1.00	None	-1.00	None	-1.00	+
chrX:60218064-60332897	mn_8'	77817	77983	99.40	None	-1.00	None	-1.00	None	-1.00	+
chrX:60218064-60332897	mn_7'	77984	78154	98.83	None	-1.00	None	-1.00	None	-1.00	+
chrX:60218064-60332897	mn_1'	78155	78325	99.42	None	-1.00	None	-1.00	None	-1.00	+
chrX:60218064-60332897	mn_11'	78326	78496	99.42	None	-1.00	None	-1.00	None	-1.00	+
chrX:60218064-60332897	mn_9'	78497	78667	98.83	None	-1.00	None	-1.00	None	-1.00	+
chrX:60218064-60332897	mn_10'	78668	78834	100.00	None	-1.00	None	-1.00	None	-1.00	+
chrX:60218064-60332897	mn_0'	78835	79005	100.00	None	-1.00	None	-1.00	None	-1.00	+
chrX:60218064-60332897	mn_2'	79006	79176	100.00	None	-1.00	None	-1.00	None	-1.00	+
chrX:60218064-60332897	mn_3'	79177	79345	99.41	None	-1.00	None	-1.00	None	-1.00	+
chrX:60218064-60332897	mn_4'	79346	79531	100.00	None	-1.00	None	-1.00	None	-1.00	+
chrX:60218064-60332897	mn_5'	79532	79702	98.83	None	-1.00	None	-1.00	None	-1.00	+
chrX:60218064-60332897	mn_6'	79703	79873	99.42	None	-1.00	None	-1.00	None	-1.00	+
chrX:60218064-60332897	mn_8'	79874	80040	98.80	None	-1.00	None	-1.00	None	-1.00	+
chrX:60218064-60332897	mn_7'	80041	80211	98.83	None	-1.00	None	-1.00	None	-1.00	+
chrX:60218064-60332897	mn_1'	80212	80382	100.00	None	-1.00	None	-1.00	None	-1.00	+
chrX:60218064-60332897	mn_12'	80383	80550	100.00	None	-1.00	None	-1.00	None	-1.00	+
chrX:60218064-60332897	mn_0'	80551	80721	96.51	None	-1.00	None	-1.00	None	-1.00	+
chrX:60218064-60332897	mn_2'	80722	80892	100.00	None	-1.00	None	-1.00	None	-1.00	+
chrX:60218064-60332897	mn_3'	80893	81061	98.82	None	-1.00	None	-1.00	None	-1.00	+
chrX:60218064-60332897	mn_4'	81062	81247	99.46	None	-1.00	None	-1.00	None	-1.00	+
chrX:60218064-60332897	mn_5'	81248	81418	100.00	None	-1.00	None	-1.00	None	-1.00	+
chrX:60218064-60332897	mn_6'	81419	81589	99.42	None	-1.00	None	-1.00	None	-1.00	+
chrX:60218064-60332897	mn_8'	81590	81756	99.40	None	-1.00	None	-1.00	None	-1.00	+
chrX:60218064-60332897	mn_7'	81757	81927	98.83	None	-1.00	None	-1.00	None	-1.00	+
chrX:60218064-60332897	mn_1'	81928	82098	99.42	None	-1.00	None	-1.00	None	-1.00	+
chrX:60218064-60332897	mn_11'	82099	82269	99.42	None	-1.00	None	-1.00	None	-1.00	+
chrX:60218064-60332897	mn_9'	82270	82440	98.83	None	-1.00	None	-1.00	None	-1.00	+
chrX:60218064-60332897	mn_10'	82441	82607	100.00	None	-1.00	None	-1.00	None	-1.00	+
chrX:60218064-60332897	mn_0'	82608	82778	100.00	None	-1.00	None	-1.00	None	-1.00	+
chrX:60218064-60332897	mn_2'	82779	82949	100.00	None	-1.00	None	-1.00	None	-1.00	+
chrX:60218064-60332897	mn_3'	82950	83118	99.41	None	-1.00	None	-1.00	None	-1.00	+
chrX:60218064-60332897	mn_4'	83119	83304	100.00	None	-1.00	None	-1.00	None	-1.00	+
chrX:60218064-60332897	mn_5'	83305	83475	98.25	None	-1.00	None	-1.00	None	-1.00	+
chrX:60218064-60332897	mn_6'	83476	83646	100.00	None	-1.00	None	-1.00	None	-1.00	+
chrX:60218064-60332897	mn_8'	83647	83813	100.00	None	-1.00	None	-1.00	None	-1.00	+
chrX:60218064-60332897	mn_7'	83814	83984	99.42	None	-1.00	None	-1.00	None	-1.00	+
chrX:60218064-60332897	mn_1'	83985	84154	99.42	None	-1.00	None	-1.00	None	-1.00	+
chrX:60218064-60332897	mn_11'	84155	84325	98.83	None	-1.00	None	-1.00	None	-1.00	+
chrX:60218064-60332897	mn_9'	84326	84496	99.42	None	-1.00	None	-1.00	None	-1.00	+
chrX:60218064-60332897	mn_10'	84497	84663	99.40	None	-1.00	None	-1.00	None	-1.00	+
chrX:60218064-60332897	mn_0'	84664	84834	98.83	None	-1.00	None	-1.00	None	-1.00	+
chrX:60218064-60332897	mn_2'	84835	85005	99.42	None	-1.00	None	-1.00	None	-1.00	+
chrX:60218064-60332897	mn_3'	85006	85174	100.00	None	-1.00	None	-1.00	None	-1.00	+
chrX:60218064-60332897	mn_4'	85175	85360	99.46	None	-1.00	None	-1.00	None	-1.00	+
chrX:60218064-60332897	mn_5'	85361	85531	99.42	None	-1.00	None	-1.00	None	-1.00	+
chrX:60218064-60332897	mn_6'	85532	85702	100.00	None	-1.00	None	-1.00	None	-1.00	+
chrX:60218064-60332897	mn_8'	85703	85869	100.00	None	-1.00	None	-1.00	None	-1.00	+
chrX:60218064-60332897	mn_7'	85870	86040	100.00	None	-1.00	None	-1.00	None	-1.00	+
chrX:60218064-60332897	mn_1'	86041	86211	98.83	None	-1.00	None	-1.00	None	-1.00	+
chrX:60218064-60332897	mn_11'	86212	86382	99.42	None	-1.00	None	-1.00	None	-1.00	+
chrX:60218064-60332897	mn_9'	86383	86553	98.25	None	-1.00	None	-1.00	None	-1.00	+
chrX:60218064-60332897	mn_10'	86554	86720	99.40	None	-1.00	None	-1.00	None	-1.00	+
chrX:60218064-60332897	mn_0'	86721	86891	100.00	None	-1.00	None	-1.00	None	-1.00	+
chrX:60218064-60332897	mn_2'	86892	87062	100.00	None	-1.00	None	-1.00	None	-1.00	+
chrX:60218064-60332897	mn_3'	87063	87231	100.00	None	-1.00	None	-1.00	None	-1.00	+
chrX:60218064-60332897	mn_4'	87232	87417	100.00	None	-1.00	None	-1.00	None	-1.00	+
chrX:60218064-60332897	mn_5'	87418	87588	100.00	None	-1.00	None	-1.00	None	-1.00	+
chrX:60218064-60332897	mn_6'	87589	87759	100.00	None	-1.00	None	-1.00	None	-1.00	+
chrX:60218064-60332897	mn_8'	87760	87926	100.00	None	-1.00	None	-1.00	None	-1.00	+
chrX:60218064-60332897	mn_7'	87927	88097	99.42	None	-1.00	None	-1.00	None	-1.00	+
chrX:60218064-60332897	mn_1'	88098	88268	98.83	None	-1.00	None	-1.00	None	-1.00	+
chrX:60218064-60332897	mn_11'	88269	88439	99.42	None	-1.00	None	-1.00	None	-1.00	+
chrX:60218064-60332897	mn_9'	88440	88610	100.00	None	-1.00	None	-1.00	None	-1.00	+
chrX:60218064-60332897	mn_10'	88611	88777	100.00	None	-1.00	None	-1.00	None	-1.00	+
chrX:60218064-60332897	mn_0'	88778	88948	100.00	None	-1.00	None	-1.00	None	-1.00	+
chrX:60218064-60332897	mn_2'	88949	89119	100.00	None	-1.00	None	-1.00	None	-1.00	+
chrX:60218064-60332897	mn_3'	89120	89288	100.00	None	-1.00	None	-1.00	None	-1.00	+
chrX:60218064-60332897	mn_4'	89289	89474	100.00	None	-1.00	None	-1.00	None	-1.00	+
chrX:60218064-60332897	mn_5'	89475	89645	100.00	None	-1.00	None	-1.00	None	-1.00	+
chrX:60218064-60332897	mn_6'	89646	89816	100.00	None	-1.00	None	-1.00	None	-1.00	+
chrX:60218064-60332897	mn_8'	89817	89983	100.00	None	-1.00	None	-1.00	None	-1.00	+
chrX:60218064-60332897	mn_7'	89984	90154	99.42	None	-1.00	None	-1.00	None	-1.00	+
chrX:60218064-60332897	mn_1'	90155	90325	98.83	None	-1.00	None	-1.00	None	-1.00	+
chrX:60218064-60332897	mn_11'	90326	90496	100.00	None	-1.00	None	-1.00	None	-1.00	+
chrX:60218064-60332897	mn_9'	90497	90667	100.00	None	-1.00	None	-1.00	None	-1.00	+
chrX:60218064-60332897	mn_10'	90668	90834	100.00	None	-1.00	None	-1.00	None	-1.00	+
chrX:60218064-60332897	mn_0'	90835	91005	100.00	None	-1.00	None	-1.00	None	-1.00	+
chrX:60218064-60332897	mn_2'	91006	91176	100.00	None	-1.00	None	-1.00	None	-1.00	+
chrX:60218064-60332897	mn_3'	91177	91345	100.00	None	-1.00	None	-1.00	None	-1.00	+
chrX:60218064-60332897	mn_4'	91346	91531	100.00	None	-1.00	None	-1.00	None	-1.00	+
chrX:60218064-60332897	mn_5'	91532	91702	99.42	None	-1.00	None	-1.00	None	-1.00	+
chrX:60218064-60332897	mn_6'	91703	91873	100.00	None	-1.00	None	-1.00	None	-1.00	+
chrX:60218064-60332897	mn_8'	91874	92040	100.00	None	-1.00	None	-1.00	None	-1.00	+
chrX:60218064-60332897	mn_7'	92041	92211	98.83	None	-1.00	None	-1.00	None	-1.00	+
chrX:60218064-60332897	mn_1'	92212	92382	98.83	None	-1.00	None	-1.00	None	-1.00	+
chrX:60218064-60332897	mn_11'	92383	92553	99.42	None	-1.00	None	-1.00	None	-1.00	+
chrX:60218064-60332897	mn_9'	92554	92724	98.83	None	-1.00	None	-1.00	None	-1.00	+
chrX:60218064-60332897	mn_10'	92725	92891	99.40	None	-1.00	None	-1.00	None	-1.00	+
chrX:60218064-60332897	mn_0'	92892	93062	100.00	None	-1.00	None	-1.00	None	-1.00	+
chrX:60218064-60332897	mn_2'	93063	93233	100.00	None	-1.00	None	-1.00	None	-1.00	+
chrX:60218064-60332897	mn_3'	93234	93402	100.00	None	-1.00	None	-1.00	None	-1.00	+
chrX:60218064-60332897	mn_4'	93403	93586	98.39	None	-1.00	None	-1.00	None	-1.00	+
chrX:60218064-60332897	mn_5'	93587	93757	99.42	None	-1.00	None	-1.00	None	-1.00	+
chrX:60218064-60332897	mn_6'	93758	93928	100.00	None	-1.00	None	-1.00	None	-1.00	+
chrX:60218064-60332897	mn_8'	93929	94095	99.40	None	-1.00	None	-1.00	None	-1.00	+
chrX:60218064-60332897	mn_7'	94096	94266	99.42	None	-1.00	None	-1.00	None	-1.00	+
chrX:60218064-60332897	mn_1'	94267	94437	98.83	None	-1.00	None	-1.00	None	-1.00	+
chrX:60218064-60332897	mn_11'	94438	94608	100.00	None	-1.00	None	-1.00	None	-1.00	+
chrX:60218064-60332897	mn_9'	94609	94779	99.42	None	-1.00	None	-1.00	None	-1.00	+
chrX:60218064-60332897	mn_10'	94780	94946	100.00	None	-1.00	None	-1.00	None	-1.00	+
chrX:60218064-60332897	mn_0'	94947	95117	100.00	None	-1.00	None	-1.00	None	-1.00	+
chrX:60218064-60332897	mn_2'	95118	95288	100.00	None	-1.00	None	-1.00	None	-1.00	+
chrX:60218064-60332897	mn_3'	95289	95457	99.41	None	-1.00	None	-1.00	None	-1.00	+
chrX:60218064-60332897	mn_4'	95458	95643	100.00	None	-1.00	None	-1.00	None	-1.00	+
chrX:60218064-60332897	mn_5'	95644	95814	100.00	None	-1.00	None	-1.00	None	-1.00	+
chrX:60218064-60332897	mn_6'	95815	95985	100.00	None	-1.00	None	-1.00	None	-1.00	+
chrX:60218064-60332897	mn_8'	95986	96152	100.00	None	-1.00	None	-1.00	None	-1.00	+
chrX:60218064-60332897	mn_7'	96153	96323	98.83	None	-1.00	None	-1.00	None	-1.00	+
chrX:60218064-60332897	mn_1'	96324	96494	100.00	None	-1.00	None	-1.00	None	-1.00	+
chrX:60218064-60332897	mn_11'	96495	96665	99.42	None	-1.00	None	-1.00	None	-1.00	+
chrX:60218064-60332897	mn_9'	96666	96836	99.42	None	-1.00	None	-1.00	None	-1.00	+
chrX:60218064-60332897	mn_10'	96837	97003	98.20	None	-1.00	None	-1.00	None	-1.00	+
chrX:60218064-60332897	mn_0'	97004	97174	100.00	None	-1.00	None	-1.00	None	-1.00	+
chrX:60218064-60332897	mn_2'	97175	97345	99.42	None	-1.00	None	-1.00	None	-1.00	+
chrX:60218064-60332897	mn_3'	97346	97514	99.41	None	-1.00	None	-1.00	None	-1.00	+
chrX:60218064-60332897	mn_4'	97515	97700	99.46	None	-1.00	None	-1.00	None	-1.00	+
chrX:60218064-60332897	mn_5'	97701	97871	100.00	None	-1.00	None	-1.00	None	-1.00	+
chrX:60218064-60332897	mn_6'	97872	98042	99.42	None	-1.00	None	-1.00	None	-1.00	+
chrX:60218064-60332897	mn_8'	98043	98209	99.40	None	-1.00	None	-1.00	None	-1.00	+
chrX:60218064-60332897	mn_7'	98210	98380	98.83	None	-1.00	None	-1.00	None	-1.00	+
chrX:60218064-60332897	mn_1'	98381	98551	98.83	None	-1.00	None	-1.00	None	-1.00	+
chrX:60218064-60332897	mn_11'	98552	98722	100.00	None	-1.00	None	-1.00	None	-1.00	+
chrX:60218064-60332897	mn_9'	98723	98893	99.42	None	-1.00	None	-1.00	None	-1.00	+
chrX:60218064-60332897	mn_10'	98894	99060	100.00	None	-1.00	None	-1.00	None	-1.00	+
chrX:60218064-60332897	mn_0'	99061	99231	100.00	None	-1.00	None	-1.00	None	-1.00	+
chrX:60218064-60332897	mn_2'	99232	99402	100.00	None	-1.00	None	-1.00	None	-1.00	+
chrX:60218064-60332897	mn_3'	99403	99571	99.41	None	-1.00	None	-1.00	None	-1.00	+
chrX:60218064-60332897	mn_4'	99572	99757	100.00	None	-1.00	None	-1.00	None	-1.00	+
chrX:60218064-60332897	mn_5'	99758	99928	100.00	None	-1.00	None	-1.00	None	-1.00	+
chrX:60218064-60332897	mn_6'	99929	100099	100.00	None	-1.00	None	-1.00	None	-1.00	+
chrX:60218064-60332897	mn_8'	100100	100266	99.40	None	-1.00	None	-1.00	None	-1.00	+
chrX:60218064-60332897	mn_7'	100267	100437	98.83	None	-1.00	None	-1.00	None	-1.00	+
chrX:60218064-60332897	mn_1'	100438	100608	100.00	None	-1.00	None	-1.00	None	-1.00	+
chrX:60218064-60332897	mn_11'	100609	100779	99.42	None	-1.00	None	-1.00	None	-1.00	+
chrX:60218064-60332897	mn_9'	100780	100950	99.42	None	-1.00	None	-1.00	None	-1.00	+
chrX:60218064-60332897	mn_10'	100951	101117	98.20	None	-1.00	None	-1.00	None	-1.00	+
chrX:60218064-60332897	mn_0'	101118	101288	100.00	None	-1.00	None	-1.00	None	-1.00	+
chrX:60218064-60332897	mn_2'	101289	101459	99.42	None	-1.00	None	-1.00	None	-1.00	+
chrX:60218064-60332897	mn_3'	101460	101628	99.41	None	-1.00	None	-1.00	None	-1.00	+
chrX:60218064-60332897	mn_4'	101629	101814	99.46	None	-1.00	None	-1.00	None	-1.00	+
chrX:60218064-60332897	mn_5'	101815	101985	100.00	None	-1.00	None	-1.00	None	-1.00	+
chrX:60218064-60332897	mn_6'	101986	102156	99.42	None	-1.00	None	-1.00	None	-1.00	+
chrX:60218064-60332897	mn_8'	102157	102323	100.00	None	-1.00	None	-1.00	None	-1.00	+
chrX:60218064-60332897	mn_7'	102324	102494	99.42	None	-1.00	None	-1.00	None	-1.00	+
chrX:60218064-60332897	mn_1'	102495	102665	97.08	None	-1.00	None	-1.00	None	-1.00	+
chrX:60218064-60332897	mn_11'	102666	102836	100.00	None	-1.00	None	-1.00	None	-1.00	+
chrX:60218064-60332897	mn_9'	102837	103007	99.42	None	-1.00	None	-1.00	None	-1.00	+
chrX:60218064-60332897	mn_10'	103008	103174	100.00	None	-1.00	None	-1.00	None	-1.00	+
chrX:60218064-60332897	mn_0'	103175	103345	99.42	None	-1.00	None	-1.00	None	-1.00	+
chrX:60218064-60332897	mn_2'	103346	103516	99.42	None	-1.00	None	-1.00	None	-1.00	+
chrX:60218064-60332897	mn_3'	103517	103685	100.00	None	-1.00	None	-1.00	None	-1.00	+
chrX:60218064-60332897	mn_4'	103686	103871	99.46	None	-1.00	None	-1.00	None	-1.00	+
chrX:60218064-60332897	mn_5'	103872	104042	97.66	None	-1.00	None	-1.00	None	-1.00	+
chrX:60218064-60332897	mn_6'	104043	104213	99.42	None	-1.00	None	-1.00	None	-1.00	+
chrX:60218064-60332897	mn_8'	104214	104380	100.00	None	-1.00	None	-1.00	None	-1.00	+
chrX:60218064-60332897	mn_7'	104381	104551	98.83	None	-1.00	None	-1.00	None	-1.00	+
chrX:60218064-60332897	mn_1'	104552	104722	100.00	None	-1.00	None	-1.00	None	-1.00	+
chrX:60218064-60332897	mn_12'	104723	104890	100.00	None	-1.00	None	-1.00	None	-1.00	+
chrX:60218064-60332897	mn_0'	104891	105061	97.66	None	-1.00	None	-1.00	None	-1.00	+
chrX:60218064-60332897	mn_2'	105062	105232	100.00	None	-1.00	None	-1.00	None	-1.00	+
chrX:60218064-60332897	mn_3'	105233	105401	98.82	None	-1.00	None	-1.00	None	-1.00	+
chrX:60218064-60332897	mn_4'	105402	105587	99.46	None	-1.00	None	-1.00	None	-1.00	+
chrX:60218064-60332897	mn_5'	105588	105758	100.00	None	-1.00	None	-1.00	None	-1.00	+
chrX:60218064-60332897	mn_6'	105759	105929	99.42	None	-1.00	None	-1.00	None	-1.00	+
chrX:60218064-60332897	mn_8'	105930	106096	99.40	None	-1.00	None	-1.00	None	-1.00	+
chrX:60218064-60332897	mn_7'	106097	106267	98.83	None	-1.00	None	-1.00	None	-1.00	+
chrX:60218064-60332897	mn_1'	106268	106438	99.42	None	-1.00	None	-1.00	None	-1.00	+
chrX:60218064-60332897	mn_11'	106439	106609	99.42	None	-1.00	None	-1.00	None	-1.00	+
chrX:60218064-60332897	mn_9'	106610	106780	98.83	None	-1.00	None	-1.00	None	-1.00	+
chrX:60218064-60332897	mn_10'	106781	106947	100.00	None	-1.00	None	-1.00	None	-1.00	+
chrX:60218064-60332897	mn_0'	106948	107118	100.00	None	-1.00	None	-1.00	None	-1.00	+
chrX:60218064-60332897	mn_2'	107119	107289	99.42	None	-1.00	None	-1.00	None	-1.00	+
chrX:60218064-60332897	mn_3'	107290	107458	99.41	None	-1.00	None	-1.00	None	-1.00	+
chrX:60218064-60332897	mn_4'	107459	107644	99.46	None	-1.00	None	-1.00	None	-1.00	+
chrX:60218064-60332897	mn_5'	107645	107815	100.00	None	-1.00	None	-1.00	None	-1.00	+
chrX:60218064-60332897	mn_6'	107816	107986	99.42	None	-1.00	None	-1.00	None	-1.00	+
chrX:60218064-60332897	mn_8'	107987	108153	100.00	None	-1.00	None	-1.00	None	-1.00	+
chrX:60218064-60332897	mn_7'	108154	108324	99.42	None	-1.00	None	-1.00	None	-1.00	+
chrX:60218064-60332897	mn_1'	108325	108495	97.66	None	-1.00	None	-1.00	None	-1.00	+
chrX:60218064-60332897	mn_11'	108496	108666	100.00	None	-1.00	None	-1.00	None	-1.00	+
chrX:60218064-60332897	mn_9'	108667	108837	99.42	None	-1.00	None	-1.00	None	-1.00	+
chrX:60218064-60332897	mn_10'	108838	109004	100.00	None	-1.00	None	-1.00	None	-1.00	+
chrX:60218064-60332897	mn_0'	109005	109175	98.83	None	-1.00	None	-1.00	None	-1.00	+
chrX:60218064-60332897	mn_2'	109176	109346	99.42	None	-1.00	None	-1.00	None	-1.00	+
chrX:60218064-60332897	mn_3'	109347	109515	100.00	None	-1.00	None	-1.00	None	-1.00	+
chrX:60218064-60332897	mn_4'	109516	109701	99.46	None	-1.00	None	-1.00	None	-1.00	+
chrX:60218064-60332897	mn_5'	109702	109872	97.66	None	-1.00	None	-1.00	None	-1.00	+
chrX:60218064-60332897	mn_6'	109873	110043	99.42	None	-1.00	None	-1.00	None	-1.00	+
chrX:60218064-60332897	mn_8'	110044	110210	100.00	None	-1.00	None	-1.00	None	-1.00	+
chrX:60218064-60332897	mn_7'	110211	110381	98.83	None	-1.00	None	-1.00	None	-1.00	+
chrX:60218064-60332897	mn_1'	110382	110552	100.00	None	-1.00	None	-1.00	None	-1.00	+
chrX:60218064-60332897	mn_12'	110553	110720	100.00	None	-1.00	None	-1.00	None	-1.00	+
chrX:60218064-60332897	mn_0'	110721	110891	97.66	None	-1.00	None	-1.00	None	-1.00	+
chrX:60218064-60332897	mn_2'	110892	111062	100.00	None	-1.00	None	-1.00	None	-1.00	+
chrX:60218064-60332897	mn_3'	111063	111231	98.82	None	-1.00	None	-1.00	None	-1.00	+
chrX:60218064-60332897	mn_4'	111232	111417	99.46	None	-1.00	None	-1.00	None	-1.00	+
chrX:60218064-60332897	mn_5'	111418	111588	100.00	None	-1.00	None	-1.00	None	-1.00	+
chrX:60218064-60332897	mn_6'	111589	111759	99.42	None	-1.00	None	-1.00	None	-1.00	+
chrX:60218064-60332897	mn_8'	111760	111926	99.40	None	-1.00	None	-1.00	None	-1.00	+
chrX:60218064-60332897	mn_7'	111927	112097	98.83	None	-1.00	None	-1.00	None	-1.00	+
chrX:60218064-60332897	mn_1'	112098	112268	99.42	None	-1.00	None	-1.00	None	-1.00	+
chrX:60218064-60332897	mn_11'	112269	112439	99.42	None	-1.00	None	-1.00	None	-1.00	+
chrX:60218064-60332897	mn_9'	112440	112610	98.83	None	-1.00	None	-1.00	None	-1.00	+
chrX:60218064-60332897	mn_10'	112611	112777	100.00	None	-1.00	None	-1.00	None	-1.00	+
chrX:60218064-60332897	mn_0'	112778	112948	100.00	None	-1.00	None	-1.00	None	-1.00	+
chrX:60218064-60332897	mn_2'	112949	113119	100.00	None	-1.00	None	-1.00	None	-1.00	+
chrX:60218064-60332897	mn_3'	113120	113288	99.41	None	-1.00	None	-1.00	None	-1.00	+
chrX:60218064-60332897	mn_4'	113289	113474	100.00	None	-1.00	None	-1.00	None	-1.00	+
chrX:60218064-60332897	mn_5'	113475	113645	98.25	None	-1.00	None	-1.00	None	-1.00	+
chrX:60218064-60332897	mn_6'	113646	113816	100.00	None	-1.00	None	-1.00	None	-1.00	+
chrX:60218064-60332897	mn_8'	113817	113983	100.00	None	-1.00	None	-1.00	None	-1.00	+
chrX:60218064-60332897	mn_7'	113984	114154	99.42	None	-1.00	None	-1.00	None	-1.00	+
chrX:60218064-60332897	mn_1'	114155	114324	99.42	None	-1.00	None	-1.00	None	-1.00	+
chrX:60218064-60332897	mn_11'	114325	114495	98.25	None	-1.00	None	-1.00	None	-1.00	+
chrX:60218064-60332897	mn_9'	114496	114666	99.42	None	-1.00	None	-1.00	None	-1.00	+
chrX:60218064-60332897	mn_10'	114667	114832	98.80	None	-1.00	None	-1.00	None	-1.00	+